Hospitals,Fellows
Albany Medical Center Hospital,1
Albany Memorial Hospital,1
Arnot Ogden Medical Center,0
Bellevue Hospital Center,1
Benedictine Hospital,0
Beth Israel Medical Center/Petrie Campus,1
Bronx-Lebanon Hospital Center - Concourse Division,0
Brookdale Hospital Medical Center,1
Brookhaven Memorial Hospital Medical Center Inc,0
Brooklyn Hospital Center - Downtown Campus,1
Buffalo General Hospital,1
Cayuga Medical Center at Ithaca,0
Champlain Valley Physicians Hospital Medical Center,0
Clifton Springs Hospital and Clinic,0
Columbia Memorial Hospital,0
Coney Island Hospital,0
Crouse Hospital,0
Degraff Memorial Hospital,0
Ellis Hospital,0
Elmhurst Hospital Center,1
Erie County Medical Center,0
F F Thompson Hospital,0
Faxton-St Lukes Healthcare St Lukes Division,0
Flushing Hospital Medical Center,0
Forest Hills Hospital,0
Franklin Hospital,0
Geneva General Hospital,0
Glens Falls Hospital,0
Good Samaritan Hospital Medical Center,0
Good Samaritan Hospital of Suffern,0
Harlem Hospital Center,0
HealthAlliance Hospital Broadway Campus,0
Highland Hospital,0
Huntington Hospital,0
Interfaith Medical Center,0
Jacobi Medical Center,1
Jamaica Hospital Medical Center,0
Kenmore Mercy Hospital,0
Kings County Hospital Center,1
Kingsbrook Jewish Medical Center,0
Kingston Hospital,0
Lakeside Memorial Hospital,0
Lawrence Hospital Center,0
Lenox Hill Hospital,1
Long Island Jewish Medical Center,1
Long Island Jewish Schneiders Children's Hospital Division,0
Long Island Jewish Valley Stream,0
Lutheran Medical Center,0
Maimonides Medical Center,1
Mary Imogene Bassett Hospital,0
Memorial Hospital for Cancer and Allied Diseases,0
Mercy Hospital,0
Mercy Hospital of Buffalo,0
Mercy Medical Center,0
Mid-Hudson Valley Division of Westchester Medical Center,0
Millard Fillmore Hospital,1
Millard Fillmore Suburban Hospital,1
Montefiore Med Center - Jack D Weiler Hosp of A Einstein College Div,1
Montefiore Medical Center - Henry & Lucy Moses Div,1
Montefiore Medical Center - North Division,1
Montefiore Medical Center-Wakefield Hospital,1
Montefiore Mount Vernon Hospital,0
Mount Sinai Beth Israel,1
Mount Sinai Hospital,1
Mount Sinai Hospital - Mount Sinai Hospital of Queens,1
Mount Sinai Roosevelt,1
Mount Sinai St. Lukes,1
Mount St Marys Hospital and Health Center,0
NYU Hospitals Center,1
NYU Lutheran Medical Center,0
Nassau University Medical Center,0
"New York Community Hospital of Brooklyn, Inc",0
New York Downtown Hospital,0
New York Hospital Medical Center of Queens,1
New York Hospital Medical Center of Queens,1
New York Methodist Hospital,1
New York Presbyterian Hospital - Allen Hospital,0
New York Presbyterian Hospital - Columbia Presbyterian Center,1
New York Presbyterian Hospital - New York Weill Cornell Center,1
New York-Presbyterian/Lawrence Hospital,0
New York-Presbyterian/Lower Manhattan Hospital,0
NewYork-Presbyterian Brooklyn Methodist Hospital,1
NewYork-Presbyterian/Hudson Valley Hospital,0
Newark-Wayne Community Hospital,0
Niagara Falls Memorial Medical Center,0
North Central Bronx Hospital,0
North General Hospital,0
North Shore University Hospital,1
Northern Dutchess Hospital,0
Olean General Hospital,0
Orange Regional Medical Center-Goshen Campus,0
Orange Regional Medical Center-Middletown Campus,0
Plainview Hospital,0
Richmond University Medical Center,1
Rochester General Hospital,0
SBH Health System,0
SJRH - Dobbs Ferry Pavillion,0
SJRH - St Johns Division,0
SUNY Downstate Medical Center at LICH,0
SVCMC-St Vincents Manhattan,0
Samaritan Hospital,0
Saratoga Hospital,0
Seton Health System - St Marys Campus,0
Seton Health System-St Mary's Campus,0
Sisters of Charity Hospital,0
Sisters of Charity Hospital - St Joseph Campus,0
Soldiers and Sailors Memorial Hospital of Yates County Inc,0
Sound Shore Medical Center of Westchester,0
South Nassau Communities Hospital,0
Southside Hospital,0
St Anthony Community Hospital,0
St Barnabas Hospital,0
St Catherine of Siena Hospital,0
St Elizabeth Medical Center,0
St Francis Hospital,1
St Joseph's Medical Center,0
St Josephs Hospital,0
St Josephs Hospital Health Center,0
St Luke's Cornwall Hospital/Newburgh,0
St Lukes Roosevelt Hospital - St Lukes Hospital Division,1
St Lukes Roosevelt Hospital Center - Roosevelt Hospital Division,0
St Peters Hospital,0
St. Luke's Cornwall Hospital/Cornwall,0
St. Mary's Healthcare,0
Staten Island University Hosp-North,1
Staten Island University Hosp-South,1
Strong Memorial Hospital,1
Syosset Hospital,0
The Unity Hospital of Rochester,0
The University of Vermont Health Network - Champlain Valley Physicians,0
UPSTATE University Hospital at Community General,0
United Health Services Hospitals Inc. - Binghamton General Hospital,0
United Health Services Hospitals Inc. - Wilson Medical Center,0
United Memorial Medical Center North Street Campus,0
University Hospital,1
University Hospital SUNY Health Science Center,1
University Hospital of Brooklyn,1
Vassar Brothers Medical Center,0
Westchester Medical Center,1
White Plains Hospital Center,0
Winthrop-University Hospital,1
Woman's Christian Association,0
Woodhull Medical & Mental Health Center,0
Wyckoff Heights Medical Center,0
White Plains Hospital Center,0
Winthrop-University Hospital,0
Woman's Christian Association,0
Woodhull Medical & Mental Health Center,0
Wyckoff Heights Medical Center,0
